V1;V2;V3;V4;V5;V6
-2,757828814;-4,350127788;7,859524277;0,156060358;6,934199631;1,781994672
-2,621176168;-4,781716731;9,145060404;-5,677721997;-3,413764087;8,853807655
1,534080109;-3,262944282;4,760780663;-7,478266333;7,974368006;-7,755155784
4,230871937;-1,791220889;4,635132317;-8,363846656;10,07455637;-8,253903295
-2,362934796;-5,128738417;5,455793518;0,599547818;6,47714438;2,934234093
-1,475563934;-4,410754856;8,123455572;0,712749516;7,544199139;1,123428231
-0,43742253;-1,620985308;-3,413226345;0,15110112;-0,935503539;6,816266471
-1,653732155;-2,462447716;-2,447386566;0,484369702;1,627625053;7,293558586
0,62367288;-1,369017575;6,343693467;-8,097160228;8,188048587;-7,289168678
2,209395866;-3,739731642;4,931985734;-9,857007403;9,162783458;-8,100527124
0,7081587;-3,41683936;-3,105072164;-0,117887877;0,633590146;7,323859829
0,578422452;-1,659378468;4,840734618;-10,69800058;8,992076878;-8,27009493
-3,020258036;-3,859368686;8,943330351;-0,639403937;5,66423344;1,744952056
-3,272758815;-3,760368473;7,79882747;-6,5380993;-2,102879463;9,762615588
0,480264134;-3,265398036;3,741235618;-8,633704646;9,200338485;-8,532859687
0,942677673;-3,223726403;-2,778427268;-0,197924055;2,430326329;7,029597245
-0,173715777;-2,218206161;-1,081247392;-0,593355219;1,78645865;8,117219905
0,36765802;-4,015335484;-3,747481626;-1,327024041;0,02477195;5,669429601
-1,158981138;-4,282727165;9,056775385;-6,769396887;-3,067932487;9,230887244
-1,063133634;-6,307492916;6,462484498;0,373359774;5,782748822;1,862241194
-4,469507093;-5,088681155;7,42910226;-8,05148982;-3,248188634;9,837901499
-3,076053841;-3,167510434;9,17773095;-8,027426317;-4,413427517;8,901237984
1,257648547;-1,440015096;5,551951316;-7,131542729;8,47275102;-7,9554819
-1,666226301;-4,61679296;9,302783541;-7,714365128;-3,926488089;8,045697352
0,549513141;-1,835827789;6,560541958;-7,0689564;9,459899223;-9,050335918
-2,816356957;-6,142939715;8,395197558;2,202033812;7,040670229;0,681570284
0,003357508;-5,552526491;8,325869528;2,652531182;5,665383038;2,977265898
1,734086845;-3,205179683;4,165311898;-7,553724314;7,807459558;-7,767090322
-2,765854771;-4,984562254;6,828742498;0,245142448;5,985312101;1,601647892
-1,962281516;-5,230868383;9,146739766;-7,282965735;-5,724120519;9,237197165
-2,89210644;-5,002584201;7,542766832;-0,0502094;7,189668865;2,296733063
-4,116690399;-3,80384337;9,410929176;-7,990497175;-1,755177098;9,279437666
1,235939631;-2,986904245;-2,58461318;0,622343938;1,392710238;6,881539282
-1,429729945;-5,322364807;6,985423589;1,404905307;7,054782507;1,576991659
-1,459963564;-5,375066188;7,063843629;-0,709913859;6,362895591;2,145660232
-1,801346584;-3,958225519;8,963442279;-6,073238196;-2,567816197;7,632307396
-3,254683536;-6,137926436;7,335566249;1,607632423;6,15338622;2,182124466
-0,406911414;-2,97896307;-4,514139518;-0,486306138;0,378855614;5,692669625
-0,016018858;-4,328565475;-4,324731118;-0,393155136;-0,463915527;6,192605078
-2,564128341;-5,47605166;8,902690388;-7,45517395;-4,195797374;7,661882424
-3,634005462;-4,989169488;8,394358002;-0,421360769;6,278521543;1,420067009
-4,038266599;-5,296038056;8,680684456;-5,946103158;-4,803870686;7,434734677
-3,744712886;-5,16152572;9,179282969;1,325036898;7,278562799;2,72388922
2,953185142;-2,892274119;6,383962231;-6,493056915;8,600492993;-6,118101103
0,845108607;-2,381348715;5,769870237;-7,745269047;7,637186402;-7,292839867
-4,346194584;-4,02578575;10,66658385;-7,117676921;-4,31734391;9,304746912
0,412765325;-0,597183563;-3,803863918;-0,653485962;0,913176518;7,605884341
-0,711754646;-4,253886031;4,228693318;-10,10902551;7,795326515;-8,220105768
0,651552587;-1,505610714;5,298057534;-7,046731569;7,579051934;-7,313807169
-1,905851222;-6,145308084;7,484030842;-8,403118355;-4,5090598;8,508343936
-2,643792083;-7,096338562;8,729871102;-7,993833983;-3,376956768;7,778708582
1,790224179;-2,439725189;-1,900988373;-0,972695786;-0,763436224;7,196446721
1,42972283;-3,913906363;5,105592351;-9,208898386;7,934973251;-8,072340107
-1,0203751;-2,867354813;-3,330845511;1,267807855;-0,304246668;5,924364426
-0,469550044;-4,319640284;-2,031740123;-0,094748583;-0,23440689;9,626642505
-2,031324602;-4,867596046;9,096400613;-6,96226224;-4,792415606;8,856399528
-3,874314842;-5,574900877;10,1148159;-0,713506616;6,523761142;4,062245812
0,791761705;-2,677231205;-2,449474984;-0,700441166;1,257639796;6,742174897
-3,102217957;-5,26133313;9,659086673;-8,216126447;-1,999346804;8,319574268
2,402049278;-3,843096989;-3,227513767;0,010952987;2,964278068;6,481829964
0,068026444;-1,501366964;5,440081476;-7,591352058;9,119506884;-7,40799856
0,101606533;-2,930487978;-4,082408245;0,280673112;0,251857436;5,537885527
-3,021219045;-5,87958968;7,951895583;1,23327636;5,008484513;2,491157762
1,305562725;-0,826489236;6,441010254;-6,945097412;10,07075259;-8,598477264
-1,221917603;-4,772877125;8,976454685;-0,735529228;4,614303701;2,47250515
-1,294815893;-4,280312966;9,187438629;-8,808772094;-2,32180943;9,764258404
0,641536769;-4,850544023;-2,42685366;-1,614956357;0,907158163;7,823736374
0,620213599;-3,929971681;-2,758152473;-0,849869832;1,515838789;6,688725203
3,316876396;-0,861647387;5,358944928;-6,638519764;9,3481377;-6,878939271
0,393946098;-2,014123796;-5,194473746;-1,883671922;0,512306595;7,041925019
-1,382419123;-2,764605489;-1,357409936;0,392727348;0,746131198;8,380080614
1,547811557;-3,200714355;-1,281860128;-1,080424352;-0,55686762;8,166434075
0,919127248;-5,104654261;4,429290108;-8,358882528;9,39169044;-8,579352007
-2,531230123;-4,604075839;8,87862039;-7,35468208;-2,045469744;8,629141106
0,650338355;-2,563554815;3,967093546;-8,268302341;7,558911217;-8,103890567
1,752915361;-3,066562879;3,831169846;-7,864603648;9,147683493;-7,89585148
0,993004592;-2,976867161;5,262865514;-6,890967229;8,11457532;-9,918361759
0,780106063;-4,282513952;-2,030599151;0,062118273;1,113333623;8,064091944
0,471057311;-3,576624182;6,018766925;-8,184585118;10,56460572;-5,919285775
-2,962361247;-6,81563232;8,480577159;0,669836943;7,659634398;0,899680969
1,351582407;-3,412648124;2,996568553;-7,536722073;9,174858263;-8,652281425
0,053754701;-1,994752707;-3,798348413;-1,485056983;-0,490484809;6,605301005
0,981880635;-3,205841642;-2,689221937;-2,895613037;0,556449272;6,292191427
0,450096793;-1,856172362;-3,932716813;-1,369656336;-0,36786513;6,396959963
-3,498660322;-3,864828724;7,411171872;-6,25346926;-3,58669906;8,450586358
-1,784343085;-6,133317732;8,996815009;0,314768772;6,560872193;1,774050005
-0,866535407;-3,380214953;-3,438187242;0,726097877;-2,838663145;5,375410822
0,485193229;-1,104610241;-3,869909697;0,246334687;0,434929023;7,253633861
-3,443177154;-6,688543501;8,158477954;-8,159848929;-4,070525554;7,387423228
-2,497270083;-3,424129135;9,408293037;-6,196882353;-4,911035073;10,59593609
1,849166519;-3,469204526;3,486293515;-7,978673999;7,938903038;-8,370429536
-2,089384757;-4,572285077;11,32548865;-8,126203959;-4,914383772;8,643414867
-1,575702858;-3,723199475;8,809237916;-7,682701093;-4,727475092;8,83846116
0,318911994;-3,295571532;2,792720766;-7,656113308;8,903005331;-7,345301291
-4,185762322;-3,878694202;8,667386309;0,243393683;6,957064632;3,441065591
-1,165527858;-3,671165696;8,209236159;-8,571865173;-4,369193208;8,586787833
-2,92284428;-5,245828498;10,17983797;0,962183671;5,685818184;3,48777864
-4,135254504;-2,813200807;8,142335808;-6,864781248;-3,920043891;8,102757281
-0,566294853;-4,220899983;7,604570694;-6,184233082;-4,921757861;7,380373723
-1,34457468;-4,301267965;-1,430145244;-1,586136873;-0,567363538;6,350839747
-3,210297546;-6,433569031;8,040989748;2,692588491;7,556578006;2,352699257
1,178227134;-0,916352899;5,116072919;-8,653786643;8,515224168;-7,500885255
1,503573192;-2,376951949;-3,632938551;0,414177537;2,254348635;7,178345703
2,751792141;-3,084885831;5,761739544;-6,925287797;8,546441174;-8,694169283
0,944850802;-1,706486564;6,720924734;-9,514435319;9,850608;-7,849373965
0,531638282;-2,592592788;5,002616793;-9,634763462;8,504537435;-6,975359055
0,327760859;-2,492733035;6,172400355;-8,45654035;7,957645021;-6,849443418
-0,360086367;-3,156996489;-3,316659839;0,008380534;-0,949655075;8,184883683
-1,04377494;-1,236233767;-2,2870392;0,883664347;0,91847245;7,110587547
-2,462332002;-3,497117058;8,505636714;-8,373896111;-2,794834767;8,696627679
1,134821708;-2,303890118;6,993479959;-7,965935513;8,870189637;-8,439307405
-4,276322175;-6,306038893;6,931250219;1,129020195;7,947097503;2,962791244
-2,429594376;-4,362377544;7,630516447;-7,560806691;-4,655981941;6,328685644
-0,055757993;-1,279198608;-1,74449713;-1,569399596;0,140572982;7,278422097
-2,779708238;-5,250155129;9,066464804;2,065001625;7,12987496;1,070509194
-3,896796986;-4,436150321;10,95941024;-8,764558874;-3,245519593;8,655735693
2,608153218;-4,423079059;6,358105373;-8,788430484;10,47054646;-9,981541928
-2,398755819;-4,470586733;8,65566289;0,405072128;5,886022053;3,227948308
2,581817426;-2,647361591;5,815515005;-7,414223872;7,017368176;-7,131780249
-4,371254974;-6,779865096;7,811525374;0,7634111;5,229063563;4,364724569
-0,483653553;-4,110720187;7,321364458;2,60561512;6,52334455;2,640653643
0,048082042;-4,220603249;-2,955466042;0,001941461;1,209281051;7,89474046
-2,723071993;-4,301953594;9,60528858;-8,191124507;-3,646671804;8,414894579
-0,844553106;-2,71472683;-0,80290665;0,765583695;0,189537422;6,96045513
-4,045871373;-2,150418949;10,41803489;-8,219046437;-4,394501569;7,975438213
-1,73368215;-3,626309186;8,479600203;-7,766537519;-2,841618521;7,999503209
1,752303491;-2,814617557;-0,509590761;-0,021971913;2,020372844;7,133149082
-4,098698324;-4,20557667;9,251336241;-7,700628938;-5,395825386;7,04415703
0,331916802;-1,361012624;-2,934004091;-0,345880341;1,241363861;7,627227825
1,716662734;-3,032462829;3,471467666;-8,216983213;7,626787888;-8,786769238
-0,490951839;-1,833417922;5,442005157;-7,889780835;8,758293445;-6,428951676
-1,545077017;-5,28156836;7,283825681;0,791403444;6,388312968;3,486642504
-2,821898937;-5,750463913;10,37304491;-8,031212223;-4,635612789;8,510768644
-3,293072815;-5,225885504;8,678400241;-7,026047733;-5,511546138;11,04430773
-0,584662214;-2,565811569;-1,830239263;-0,857406074;2,453686574;7,6500454
-3,999158553;-4,210552974;8,839056596;-7,203288361;-4,17241436;9,698978484
3,215341952;-3,31942109;4,567886836;-8,015559263;8,975283504;-7,212144517
-2,260430478;-5,133559716;7,216734497;1,391570602;5,3586347;2,046138243
-0,656787083;-0,806899089;4,642423532;-7,189824647;7,889896453;-7,563681024
-2,138716212;-4,230486143;7,457923315;-8,694389602;-5,496491416;7,81337221
2,270185085;-1,193907742;4,258493898;-6,761363637;7,833161485;-8,96563304
0,52683331;-2,002496765;4,943010736;-7,562219382;7,154635715;-8,642930591
-3,973038623;-5,754699596;8,593040353;0,177386548;6,195161199;2,861702657
-1,599983795;-6,636115323;8,420357536;0,24758601;5,052393525;1,828450543
1,358658372;-2,550944075;-3,130573696;0,433218734;-0,551295512;8,284649667
0,340541015;-3,186136918;-3,679711561;0,077798746;0,46004589;8,243626316
-2,259828162;-5,101884113;9,147983856;-8,094751972;-5,254496369;8,095141383
2,33493931;-2,08725788;6,030113206;-8,335613113;9,284247171;-9,03325194
1,164068993;-3,918248705;-3,398958452;0,23526058;1,159020413;6,084113147
0,292667522;-3,766205339;-2,925341897;1,73581603;2,452768498;6,38154223
2,241574967;-2,471730483;4,157477265;-8,227747689;9,810464217;-6,771262418
-1,894586203;-4,215931484;7,719470418;-0,3506421;7,319895478;2,689239282
-0,318798499;-2,514578781;-2,536901583;0,544091039;-1,442308448;8,767402147
-0,823273322;-2,55225013;-2,994364788;-1,000178141;-0,091684312;6,529002534
-3,081262634;-6,16963147;6,662576088;0,059104271;7,33869156;3,544484058
-2,522948833;-3,729658148;8,620981757;-7,093142429;-4,544419476;9,000353604
2,142065564;-3,524452994;6,605436037;-8,948461311;8,576275463;-9,83796593
3,855123485;-4,214937215;2,668336143;-8,750045556;8,484313216;-7,70997342
-2,136974999;-5,549470313;8,561725784;-7,503291081;-3,505594421;8,611749683
-2,755541369;-5,839336395;6,374171649;-1,695561596;7,651601838;2,853056251
0,839258564;-2,088840244;3,790326475;-8,519497457;7,139197936;-8,67532714
0,476895383;-3,018564821;-2,483394621;0,028433938;0,475942912;7,113754786
-2,019578079;-4,372571071;10,37431104;-6,534685771;-4,377550545;8,411213847
-3,235559414;-3,818347261;6,686193183;0,212612016;6,021071436;3,022610758
-2,452505911;-4,824542625;8,262559349;-8,709594254;-3,868121511;10,46152144
-1,337054804;-5,148978933;8,059922722;0,634846401;6,678249214;1,435347797
0,701480851;-2,054002731;-3,497807452;-0,635152268;-0,784180824;5,463596863
-3,359454843;-4,2844066;9,53810196;-0,481444304;5,746479053;3,645273261
-3,747829346;-6,340843098;7,653508544;-0,039459568;5,597724174;2,938844499
-2,998495626;-3,96343989;7,289075432;0,964227076;7,377608739;-0,10085993
-0,828812803;-3,532779099;-4,320108746;0,547227191;-0,339256926;7,973516699
-1,096373877;-5,122771198;9,092429393;-7,466677034;-3,87562434;8,526841438
-0,82626669;-2,843686107;5,611380487;-9,56208193;10,31283725;-8,573913931
-3,093036944;-3,565183429;9,553889915;-6,65505906;-3,714948483;9,23378055
-5,744761929;-4,573281083;8,193453252;0,80250557;5,459440165;1,95041265
-0,866741076;-2,869057036;-2,714779806;1,085224917;-0,632105581;6,73144402
-3,427133561;-4,100843109;8,866927117;-0,840781281;6,508881812;2,957659258
-0,950226757;-4,510688067;9,029569632;0,037796691;7,559932307;0,81459405
1,485790766;-2,560134025;4,706042418;-8,834047543;8,414308752;-9,435944832
-0,170085745;-4,854347328;-3,152365855;-2,291445123;0,676322527;8,876963201
2,70149401;-2,908906952;3,859001743;-8,522162253;9,021449933;-7,792851625
-1,242854474;-6,194647688;8,044362053;-1,849499042;4,831070613;2,66095113
0,731136831;-3,235510846;4,871372077;-8,642875787;8,559025517;-8,597465401
1,281423817;-2,900014692;-3,54956766;-2,201584331;0,672904388;6,57209205
2,277184933;-4,11620017;4,726638041;-7,399010041;8,87766594;-7,850690675
-1,813940868;-3,950373312;8,474588525;-6,850218219;-3,94846284;7,886991916
-2,995144337;-5,732660387;7,746012837;1,722391414;7,183519594;2,073405778
-4,003053035;-4,442346204;6,837314671;-0,048083016;6,349266626;3,482154192
0,054996417;-3,540674959;-1,97172579;0,287324616;1,300325525;7,092171552
-2,314723906;-6,104473552;9,521366291;0,705803702;5,446014279;2,199630354
-0,497027049;-2,701244461;-2,295034408;-0,423244546;-0,591439966;6,768023312
-0,723982601;-1,787877688;-2,639489113;-1,347783743;0,045384982;7,949774293
0,45363794;-3,057442649;-1,607237505;0,610216248;0,195682615;7,514803795
1,640734027;-2,877887021;3,301111989;-8,537531667;10,64702792;-8,294241209
-3,379290596;-2,778288224;8,795780983;-6,4822657;-3,100762053;8,371003685
-3,086649255;-4,033643637;10,01979766;-5,705009359;-3,340491574;7,577457976
-1,933690833;-4,33106907;9,817922477;-5,378216583;-4,814045384;8,121068134
-0,467523302;-3,149389316;-1,298851692;-0,229603352;1,811036395;7,909598839
-3,41807249;-4,930947851;8,922843723;1,199455662;6,185691371;1,67096802
-0,07911354;-3,291515557;-3,530093596;1,53758022;-0,416037789;7,739782005
-0,647488923;-5,777106449;9,013437979;-0,45737064;6,442217095;2,558236171
-0,764705699;-2,762176041;-3,458848625;-1,770447082;-0,045515283;6,588510067
-2,181828227;-5,530634055;8,418197579;-7,796985033;-4,544895929;9,091484006
1,984702902;-3,256209697;-3,157745512;-0,218237677;1,729191282;6,505144996
-0,95272856;-2,445970333;-3,767269635;-1,048145302;-0,73629257;6,170050165
-1,565582267;-5,117504813;6,8309756;-1,392433575;6,705776405;2,786524223
1,857919288;-3,151590994;-1,813549315;-1,882616219;0,228335466;7,265827604
0,41011259;-2,895713679;-3,004874608;0,309796541;-0,347282609;7,974316953
0,691598243;-2,269062636;-2,062139569;-1,846250321;0,860020135;7,763178067
-0,59042169;-0,97747364;-2,261733273;0,667558401;-0,75709217;7,147109346
-2,463039292;-3,55957027;8,06644521;-6,983989515;-3,889053803;7,83797618
0,916286227;-3,008136313;-1,793616141;0,517649778;1,399066668;7,353210034
0,391263555;-3,105397252;-1,446200282;-0,069441415;-1,757394098;7,384590775
-1,89403663;-4,858793753;10,00989009;-8,621433829;-4,153244388;9,920311494
1,67560479;-3,710872202;4,420453128;-7,247178956;9,959687622;-8,432402763
1,288410232;-2,765323297;5,051143359;-8,569711947;9,272329824;-7,964160763
2,220845905;-3,161221875;-2,632422329;0,629384585;1,862812048;7,876947963
0,098713376;-2,995801203;-2,709857353;-1,666963692;-0,706810733;8,96229939
0,103761272;-3,743161374;-2,558706315;-0,409622539;0,184143601;6,227916005
-0,468097288;-3,105280926;5,562803851;-9,58902304;9,92735618;-7,501855896
-3,887708861;-4,833447866;6,696662543;1,257139717;8,555180049;0,096412596
0,615785673;-2,180650784;3,97824364;-8,590295373;8,597308308;-7,165013901
0,041223517;-3,010383947;5,559227838;-6,180318238;8,901438482;-6,949977385
-2,905238275;-4,104724461;9,673966066;-6,779666373;-3,183550719;7,681662618
-2,908032169;-4,991456545;7,947013742;1,300789005;5,770053345;1,149361324
0,75005517;-3,187281254;-1,39684534;-1,577300859;-0,210299573;7,164661348
1,046398807;-3,74619802;-3,678027561;2,020201522;0,903477651;7,276274452
1,227070345;-3,555787138;-4,827933354;-1,683869887;0,534374168;8,275921391
1,429275423;-3,60885195;5,890175396;-8,750732413;8,779445063;-8,275470256
-4,042364527;-3,683167651;9,16861246;-8,203218568;-2,139245359;8,597108861
3,483409095;-3,789194306;4,796417903;-7,409358836;8,477402223;-8,509473052
-3,887740583;-4,736113636;9,336444167;-5,983151206;-2,273645058;8,919459248
-0,537090972;-2,485002886;-4,241161553;-0,490343424;0,777305446;7,993163947
-1,322324984;-3,523216506;8,42590263;-6,503460347;-5,044703745;8,277690359
-1,921522792;-4,549617168;8,990385247;-8,100013893;-4,50092681;7,20296351
-2,416537568;-4,507202681;8,290960056;1,798389345;6,486238813;1,639614179
1,055986514;-3,665357387;-2,139473563;-0,022692588;-0,625920393;5,802189634
-1,85501349;-4,303348362;8,480657449;-9,877094223;-2,405025071;7,108291364
-0,79967367;-2,32704282;-3,474443076;0,292927678;-0,5163728;5,654188472
-0,225001626;-1,17467873;-2,744649587;-0,219560863;-1,970259866;7,956074309
-2,69063631;-5,402915546;8,071496587;-6,924661771;-3,257802269;8,684404456
-2,413091956;-4,165562915;8,436095481;-6,922182707;-4,787048493;6,234506915
2,498567661;-3,551999318;4,523666677;-8,263545692;9,629584789;-8,251990317
0,490536553;-1,824974031;-3,044662879;-0,000873448;1,843316089;7,992143593
1,033368326;-2,128797841;3,668600291;-6,873736415;10,5358148;-8,509581687
0,436326286;-1,867107687;4,543679055;-8,243429375;10,42365039;-7,64278778
-3,111744207;-4,593060751;6,231542564;1,570654473;6,053388753;1,822328459
0,912877624;-2,635944143;5,10761296;-8,310742804;8,654154662;-8,035252825
0,818033042;-1,954437117;-2,943636276;-0,816277171;-1,303408849;6,805268187
-2,629709272;-5,21917291;8,301522799;-6,244181192;-3,518029952;8,65909286
2,390345208;-2,709702312;4,81006209;-7,078696545;9,235304305;-8,60368574
4,061082343;-2,454422058;4,315481164;-7,182850862;9,581927547;-8,716375474
0,230539407;-0,986250936;-4,95901017;0,427205109;-0,07510826;6,138320284
-3,854292195;-4,587308382;7,573195694;-8,333233283;-2,538771036;8,33935149
-0,551947047;-3,552444583;-2,762721494;-1,669632916;-0,871174041;6,671981514
1,554451843;-3,350738468;-2,317659247;0,378180782;1,482310258;9,846136006
1,05460893;-2,289813151;4,011844063;-7,689980128;10,49814108;-7,135970503
-0,358799077;-4,368400308;8,446842335;-8,936418607;-3,770847662;9,240320083
0,666685441;-2,627687606;5,408266322;-7,300132311;7,59458347;-6,29576966
-3,000519488;-4,067525892;7,104169641;0,037838533;6,271532635;2,091639863
0,885996746;-2,843931758;7,635186339;-6,530781872;9,588111245;-7,176916615
1,420703737;-3,211382938;6,476053158;-8,719218392;8,410829992;-7,68179471
-1,961472549;-5,789415982;7,357467645;0,811911474;7,109262668;3,817185878
0,705585109;-1,710013936;5,597531531;-7,736955508;8,141282286;-7,738717037
-4,04367257;-4,785151424;10,02816563;-8,002859835;-3,585814489;9,198845435
1,137078436;-3,723654429;4,659269346;-9,514754361;7,988090926;-8,352674984
0,42436976;-2,150396787;-3,217437906;0,708702201;1,668398456;7,335228094
-3,790432719;-5,451306211;8,470717934;-0,553438992;4,550181647;0,636023735
-0,377153253;-3,419819421;-3,011253158;-2,121541248;-1,146329704;7,527690208
0,970183327;-3,563865268;3,759235746;-7,631063134;8,004026776;-7,399062763
-2,553064055;-5,355253874;7,553448514;-0,414785311;4,910025641;1,550635097
-4,461784971;-5,70329191;9,195961097;-7,754180054;-3,874833169;7,328201657
-4,122809439;-4,516029431;6,851815228;1,963194533;5,550461901;1,986299633
-0,456079279;-4,375058873;-2,198716902;-0,877221174;1,930313433;6,120983237
-3,386796126;-4,953398347;8,267658862;-7,317450479;-3,445021656;9,775579637
0,953833505;-2,061977953;7,010923726;-8,742442914;7,535097376;-8,200018107
-1,247533681;-5,769268986;7,13647764;0,993430642;4,8121285;0,38510946
-3,90553942;-1,745098254;10,00874084;-9,172509531;-2,230665395;10,36823842
0,9742652;-2,170712441;3,33552585;-8,996525968;7,927724092;-8,064936471
0,195116942;-3,972424557;-2,184590672;-1,790898093;1,426081661;6,810742846
-5,018549713;-3,642078738;8,835104355;-6,554611614;-2,552499804;7,767087873
2,417593447;-2,408436054;3,826074376;-7,366414414;7,202205102;-6,893430693
-2,858341292;-5,487683589;8,347184572;0,099424422;6,442219569;1,884605162
-1,782388755;-5,999993081;7,394794442;0,051018851;6,45466193;-0,011622849
-3,406565916;-4,207801367;8,140696625;0,59540027;6,344298806;1,318466282
-3,706477356;-2,897154697;9,81170517;-8,008391151;-3,512973578;7,696389401
0,292465887;-2,09099574;5,40529541;-7,357402934;8,464380091;-8,877454313
-1,973413757;-2,872345989;8,347027055;-8,494727208;-4,278440608;7,50232711
-1,501222188;-4,163780853;8,796725112;-7,045829831;-4,017549711;7,160872979
0,443517126;-2,90714685;-2,650631955;-2,470947953;1,439099856;8,524220139
-2,26541947;-4,107722947;8,711009381;0,124037315;6,5040714;2,532799428
-3,500334838;-5,774019447;8,89155184;1,544638643;4,484875096;1,64051613
-2,517078502;-6,362268903;9,318767344;2,997943756;6,745271534;2,984042556
-0,928278535;-3,762171509;-2,697687064;1,122445007;-0,308871017;6,384319667
0,776055034;-3,854136038;6,128248633;-7,374634059;7,959604394;-9,580195887
-3,070644313;-5,511744082;5,234256761;1,423341726;5,546290716;1,811485685
-0,277584965;-2,067940346;4,547617218;-7,448235102;8,884002979;-8,264821628
-1,848298759;-4,677912945;7,320046133;0,494935954;4,928961925;-0,18438886
-2,657389315;-4,902894235;6,674592705;0,047677102;8,280166336;1,254350362
0,813323021;0,039932899;5,010382641;-9,084884122;9,469847332;-6,207687778
-1,765407419;-4,221643146;-2,708006529;-1,291456374;-0,074750708;7,714590462
-3,011824239;-5,244753441;8,209747304;-0,469723072;6,155488304;2,134647006
-5,283609378;-4,777546833;8,094377103;0,047242402;5,45947958;1,935262566
1,081966438;-2,655041338;5,238004578;-8,614130482;9,936895697;-6,941441474
-2,678821356;-4,449292093;9,649545934;-7,51926263;-2,191133765;7,560434943
-1,185062153;-3,556538684;10,20831362;-5,067317408;-3,03612313;8,509271908
-2,190321992;-4,187021837;6,863488732;0,862950516;7,094965057;4,354624896
-3,45367458;-6,015034832;9,514618281;-8,604670795;-5,237178997;7,808459295
0,14275499;-3,267933595;-1,642453102;-0,50733662;1,633473773;6,092717276
-0,002523205;-1,659610164;-1,797906392;1,191154904;-0,716228162;6,665729971
0,602968412;-2,203313262;6,593937554;-8,69932751;8,968716839;-7,246738522
-2,680268438;-4,427601628;6,957359788;0,482959529;6,776506449;2,935118629
-0,171736848;-2,141756854;-4,184156984;-0,420135867;1,744400849;9,633084389
-3,901995891;-4,6993893;7,323187223;-6,902634732;-4,103729133;11,24873768
-0,511429067;-5,429720966;8,438036318;-9,272028283;-4,011641255;8,262598416
-0,636588796;-3,472071355;6,199654298;-8,853579404;10,74327329;-7,412081341
-2,524346273;-3,025665395;8,017757816;-5,897645935;-2,517127773;10,83533518
1,247758653;-3,92431063;4,943878878;-8,950091325;9,190998847;-7,56816195
-1,301410936;-5,421632465;-2,091085859;-0,159966821;0,146491163;9,560116227
-1,875527022;-5,967684216;7,79105256;-0,760883447;7,386767118;3,088426269
-1,000457353;-5,982663083;7,776328735;-0,73164718;6,196751461;2,550513387
0,105275681;-1,966548871;3,932265658;-7,375186676;10,51685946;-6,337280784
-1,913634858;-5,007275347;9,959350102;-7,878764348;-5,510131017;9,682631376
2,076786625;-2,788171066;4,431913795;-6,871386225;8,915063887;-8,073187924
-4,800853149;-4,413227979;9,584137502;0,241850952;6,338005526;3,090531318
0,868328007;-2,12107405;4,51350287;-7,949044456;7,431425706;-8,549363445
1,325941388;-1,921366165;5,166289537;-9,581754445;8,633334908;-8,234001118
3,014913101;-3,197016388;4,999979165;-7,85828865;8,763030932;-8,071035261
1,166996044;-2,954060793;5,673108196;-6,774466636;7,183378567;-7,59667372
0,349069178;-2,927462162;-3,343291316;-1,502661866;0,552522505;6,739627109
2,165242781;-3,687660427;-2,352294036;0,117709163;0,475946124;6,639893685
-4,38358804;-5,194036408;9,574637123;-8,596762724;-2,835824866;8,879740135
-0,856139655;-6,197206438;8,670784036;0,372771499;6,680959939;0,450485197
-2,39489666;-3,0419632;9,206747268;-7,582381989;-4,392345994;7,692492172
0,352427682;-3,405037159;-2,016254291;0,220861078;-0,665577344;7,802416731
-1,931255403;-3,230616519;9,071264966;-6,909651864;-4,691978325;7,742517128
-2,18417495;-3,472704892;8,988778255;-6,600326469;-4,384119767;9,307125069
0,698151493;-3,200526397;-1,88489588;-1,136751735;0,547739956;8,277280551
0,514187533;-1,734092328;-3,80918848;-0,012938483;0,530629561;9,458486636
-2,726401115;-3,766922319;8,497071692;-0,832841556;6,399270908;1,70204895
1,48672611;-2,777681416;-5,319890217;-0,807659651;0,211929999;7,054623308
1,987238762;-3,48760665;4,548903844;-9,305662257;9,548044402;-8,103318717
-4,544233981;-4,099317621;10,28046562;-5,989668872;-3,97512156;10,05671657
-3,263370224;-5,658478294;8,917703867;0,677031444;5,54796744;3,032028947
1,577480442;-2,026048736;3,848795327;-6,786695092;9,345569003;-7,310092356
1,754997859;-2,522461451;4,71281496;-7,606482551;8,740554325;-5,321728907
-2,418778424;-2,717588949;8,751266724;-8,323645956;-2,327459893;9,113255983
0,955608672;-2,391213599;2,669072404;-8,507316171;8,20140589;-9,613348429
0,791670158;-1,642267438;-3,87408438;-2,569673048;-1,290116969;7,212885131
0,267017817;-3,886723754;-4,070481058;-1,229712691;-0,372914244;9,042720736
-1,029327191;-3,104290822;-0,841335501;-1,453977383;2,060087826;8,57062556
-0,262501154;-3,213992446;-2,258880048;2,19833775;-0,131282202;8,56802052
-1,693357391;-5,318751766;8,470819936;0,920051821;5,922330753;2,344302108
-2,913226089;-3,72203175;8,159579082;0,107367399;7,442528076;0,549862528
-1,008513329;-3,552611872;7,673038225;-0,891949609;5,684666881;1,40485296
-1,042730774;-3,013868511;-3,531364247;-0,030813549;1,714083265;7,25966525
0,557054039;-3,045610853;-3,275148736;-1,566543609;-1,252137516;9,026417552
-3,114597409;-4,957220214;9,093206404;-5,746560103;-4,709826109;8,630386826
0,408689526;-3,903104133;-3,950615052;0,269277033;0,732873973;6,60179347
0,290547162;-2,304630435;-2,533141436;-0,37132779;0,662426971;7,897979148
1,565185241;-2,23837943;4,707043106;-8,243789791;10,25502348;-7,145481617
-4,058896621;-5,221713722;7,332568629;-5,364812193;-4,129174092;6,507530969
-1,967599397;-2,717194341;7,79262301;-7,635377251;-3,419917009;8,381429492
-2,818020713;-4,325278077;7,666625935;0,45920239;7,39022074;3,028731648
-0,476345212;-2,791180353;-3,042794475;-1,171850553;0,809277909;5,761822269
-3,996982262;-5,565121901;9,266708328;-8,646804839;-2,471763684;6,27391856
1,901420321;-4,871613346;5,268033112;-7,403890508;8,206550601;-7,661240538
0,48721213;-1,516889082;-4,798398503;-1,349539523;2,354504724;7,088010935
-1,049663447;-4,108548544;-2,311879433;0,116571793;-0,273754551;9,016430161
-2,899206854;-6,230322071;9,417216923;-0,131256326;5,510879633;2,571841538
2,30884731;-2,33911091;-1,52557735;-0,646033647;-0,00513997;7,385418646
-3,530024986;-3,806012151;9,529459937;-6,151731227;-2,779277641;11,08114341
0,484487608;-2,187408708;4,237992945;-8,362394541;8,999232955;-7,387458747
-0,405827063;-2,981315981;-2,230723043;-0,314660681;-1,808879554;7,584157008
-1,870610225;-5,297057519;9,073309808;-8,299696822;-6,005907305;9,115237943
-1,369445258;-4,383670801;7,531406409;-0,51851533;4,198892697;1,548412523
-3,349785582;-4,137620197;8,547605811;0,872094903;7,210064473;2,774017088
-3,262117155;-4,825093944;7,275040049;-7,071744996;-4,424380448;7,701053502
-2,214525707;-5,608486597;8,375972457;0,223086175;7,114540876;2,941824626
-3,720257843;-2,406725892;8,779427968;-8,39553661;-3,208034653;7,902176534
-0,816174028;-2,158117013;-3,538877926;1,089292011;-0,819662113;8,068282297
0,984101532;-3,130810716;4,420366203;-9,58393109;7,861314939;-7,48014856
-3,26927989;-4,144242676;8,161817795;-6,534567866;-4,156002694;7,588148055
-3,491420459;-3,249768422;10,01790984;-9,70485469;-4,090091911;8,795105237
-2,576563022;-5,889431507;4,789422363;1,982478836;8,047088719;1,516772914
1,468971539;-3,15273057;-3,45152896;-0,183265978;1,943024341;9,897415291
-3,116086704;-3,808929018;7,920988202;-6,185581382;-4,643154172;7,431035389
1,882927966;-2,397302062;-2,256716132;-1,949051627;-1,146994938;8,551999284
-3,427012171;-1,922303915;8,816873468;-9,536631832;-4,546063482;7,821922654
-0,01014092;-1,4255874;5,700650255;-7,790753062;9,828512652;-8,072096345
-4,13872292;-4,369335955;8,286234146;-7,797254428;-4,621733546;8,47448736
-3,21667776;-2,264581157;7,484084214;-6,765730517;-5,488555968;6,984651513
-1,334101138;-3,719091117;-3,293289941;-0,457993868;1,815689403;7,019028186
-3,100301079;-3,271497435;9,257729037;-9,032956726;-2,381145947;7,38106859
0,323668811;-1,512475456;5,681626048;-10,34803207;7,76253804;-6,090398927
-1,797232668;-5,329507735;7,939734297;-1,263754516;7,426566624;0,776347416
-2,498614329;-5,391543897;9,356676462;1,088054801;6,032752966;2,073855486
-1,648671788;-7,492837795;7,962370323;1,683080596;8,236249261;3,255589415
-4,037984565;-4,541604414;7,935751442;-5,453955506;-4,505373227;8,595073492
-2,162913891;-6,068548003;9,875041077;-7,494759959;-3,882521602;8,654767558
1,94817632;-2,739913549;5,262766926;-9,61213767;9,71770568;-6,423281243
-2,971737993;-4,713454862;9,002383407;-7,76058777;-5,542324164;6,314819501
-1,960589878;-5,049508114;9,747985002;-6,589191473;-4,041566534;7,837081078
-2,602108772;-5,973372962;8,079293208;1,430719486;6,804681461;2,348549939
1,31708254;-2,966427651;-3,421167058;-0,99612812;1,052926683;6,465913307
0,238621208;-2,89021724;4,686944389;-6,9238455;7,7284431;-7,014338148
-0,716329792;-4,968238239;7,59867744;0,366197642;7,550123483;1,546018882
0,542252199;-2,231292659;5,511636972;-6,926058782;10,20041232;-8,215272668
-2,730593428;-4,104036254;8,082845425;-7,512135615;-2,884422681;8,765604509
-3,297389065;-5,084703843;6,856191179;0,531616927;4,04356777;2,1833774
-1,600033997;-6,075044076;7,225854529;-5,945898527;-3,632612828;8,392260796
0,602621114;-2,493437171;3,407870629;-8,056204036;9,076137771;-6,503020621
-2,994670335;-4,202013389;7,050992651;-0,440487082;5,037603624;4,65430927
-3,248443407;-3,58013314;8,944341331;-7,872996245;-2,601744826;7,938470665
-2,607053283;-4,811948972;7,966549368;-0,007392251;7,612974053;1,439167583
-1,391704227;-4,857206908;9,444137736;-6,516778528;-3,355628697;7,434711428
-3,00980753;-6,266533706;7,86989963;-0,941858022;7,373214253;0,969344888
-2,714523957;-4,419626371;8,459405938;-0,074027658;5,222555722;0,177032542
2,934837834;-3,206554933;6,279712181;-8,216966376;9,16353994;-6,256863719
0,718458789;-3,486015443;4,843754978;-9,417372764;6,927365321;-6,992102141
0,227347753;-2,390526689;5,042492923;-8,734383795;9,855904044;-7,878074004
0,839387932;-1,680345976;7,55046157;-10,9043242;9,135172993;-7,850433589
-2,799676218;-5,457093882;8,334532549;-0,466325309;5,379983625;2,80931883
-1,268500781;-3,69436939;4,391822235;-8,136051708;7,565893535;-9,27709626
-2,915679499;-4,747785777;7,59785708;-6,689730343;-3,181631788;8,152493458
0,229990287;-4,817858281;4,277430064;-10,16218714;7,164862226;-8,784776178
-2,620016342;-4,420516621;8,90769884;-6,68458944;-4,034740032;7,244158651
-2,30454589;-4,255104687;7,542432857;0,003267031;4,425698735;2,920838806
2,389658401;-1,923845698;-5,356586308;0,122722153;-0,66709168;8,894454808
1,326611188;-5,045233535;-3,151152239;-1,025774253;0,148983944;8,115503392
-2,190322224;-4,006329266;8,483067645;-6,63714298;-3,52382793;9,778931745
-3,716422074;-5,601284927;8,884592195;1,807477979;6,55048388;1,829527267
0,587852834;-2,294223129;-1,496150353;0,53915101;1,085073547;6,919895036
0,720731694;-2,840389342;4,718780172;-5,980966334;8,3130145;-8,11095731
3,159094688;-3,595988121;-2,449158325;-1,710530728;1,806263466;7,02119649
-4,041177746;-6,241546004;7,388630168;1,446183035;6,482385649;3,081767171
0,065029712;-3,920910277;-3,34425385;-1,138137737;-0,472744195;8,077498453
0,897632541;-2,606273327;4,04925891;-8,162123792;9,185568101;-10,05971645
0,250746117;-2,439164746;-3,42553643;-1,969725217;-0,185043406;7,066755133
-0,341794176;-3,925613525;-1,168201465;-0,444994531;2,199039497;7,79376039
-3,571681602;-4,325318938;8,919126985;-7,127189623;-4,914524592;8,785593921
-1,925702505;-3,989852451;-3,459894817;-2,757949215;-0,502433134;7,117481162
-3,129488568;-4,709513665;8,372609181;-7,448579627;-4,495167386;7,540132721
0,673621927;-3,319390425;5,649207993;-7,992672882;9,885539846;-7,549705962
1,139631531;-2,424446059;-3,771001739;-0,435658185;1,577645586;7,977945409
-1,492058252;-4,116829278;8,111901118;-0,883002987;6,14441153;3,197448772
-1,727691491;-4,617549156;8,554235245;1,515404089;7,243077259;2,794676337
0,47263591;-3,378723542;4,608541316;-7,808481393;7,686732255;-6,355834836
2,676607853;-3,338798582;4,924431237;-8,541531075;9,363644789;-7,922361882
-2,129501152;-4,167672747;7,831987805;-7,277764643;-3,483423162;7,979217221
1,64949223;-1,649040156;6,730435712;-7,406958819;6,265807471;-8,778520286
-3,962742875;-6,112833694;6,620553903;0,975397007;7,460590663;1,967114918
-1,108079628;-5,411599606;7,260520988;-0,05216218;5,80552954;2,6583205
-1,898227202;-3,234702825;9,970214532;-8,748901965;-4,533815937;9,749992754
1,82674297;-2,593083524;3,623071929;-7,848041014;8,171979203;-7,480501139
-3,633881094;-4,574706393;10,86686133;-8,857862242;-4,843290802;10,08500689
-2,802487052;-4,470653908;9,536746539;-7,758582208;-3,303043565;7,945915696
-2,866838188;-3,100127158;6,379909035;-0,919852671;4,405814502;3,362422137
-3,284513877;-4,878263883;10,45418404;-0,917565358;6,198366659;3,05510389
-0,669973159;-5,061296033;7,852084041;-0,109564282;6,123992732;1,875715941
-2,173466185;-3,51084331;10,42671744;-8,498665635;-3,026153541;7,011185057
0,056679391;-1,971568966;4,218436876;-8,675685692;7,932120321;-8,390942232
0,27238028;-2,359457376;6,27305462;-9,127357257;8,602235007;-7,044444462
-2,371345771;-4,767170822;9,148448351;-6,704083226;-3,010075387;9,413684985
1,25291284;-2,451451051;-2,597157213;-0,021362996;1,671925099;7,309083918
-3,481605584;-4,956012106;9,112222337;-7,678121633;-4,461275392;8,87782231
1,630219121;-1,826425369;5,213406116;-9,278985726;8,461575133;-9,248784964
-2,313409819;-6,772349327;9,043878989;-7,35853297;-2,915310909;7,157600078
1,009023085;-2,04721449;5,097378326;-7,792003795;8,646065235;-6,596961118
1,131718769;-3,330332317;4,973139424;-8,494694857;8,357950277;-8,02388902
0,805487294;-2,055977096;-4,068462267;0,103024119;-0,500968863;6,776455185
0,723994142;-2,788855415;4,277774636;-7,792144985;7,372060844;-8,708932056
-3,989555329;-3,565947496;9,055367551;-8,210225163;-3,894324166;8,872361903
-3,664915485;-3,300877122;7,500667264;-0,36362256;4,622349177;1,91813846
-3,081881718;-5,251292838;6,319900777;-1,455832244;7,438438794;2,927459636
-3,691386771;-2,925773468;8,090518072;-8,720082828;-4,473388331;7,689982242
-0,819586796;-2,25259436;4,112201241;-8,552253208;8,32556033;-6,851161623
-2,080097833;-4,086002586;8,300321268;-7,115705927;-2,653320259;8,573001323
1,19291057;-1,784586346;6,231081653;-7,660513421;8,088757072;-7,119093828
2,480573425;-3,870512928;4,712547474;-8,629652652;6,999797309;-8,712356392
-3,103977632;-3,71439526;9,999515411;-7,591095371;-5,166374823;7,679694384
-2,044155493;-5,267107162;10,4532698;-7,474327752;-4,306237701;9,591230913
-3,251806825;-3,946762242;8,231924393;-9,000992502;-3,52398983;9,092751207
-3,039474594;-5,74044458;7,17537053;0,837167413;5,14099752;1,965140322
-1,076992257;-5,806739192;10,38340916;0,922707247;7,318015772;1,809888975
-1,150016227;-4,268729821;-3,55016226;1,094023635;-0,023144622;6,755522326
-3,543873569;-4,725768525;8,999143065;-7,980751345;-2,189865185;8,157818935
-2,826073913;-4,32179073;9,774808284;-6,532177874;-4,471640647;9,104441445
1,196377764;-2,760555701;6,099285065;-9,015644904;9,160361698;-6,487508099
-2,550375282;-3,39206521;8,800680278;-5,518125391;-4,279359535;7,325693254
-2,981436703;-6,238211426;9,148946569;2,238259604;7,543784894;3,180988499
3,010440384;-1,765958225;5,485789632;-9,583426743;7,7735588;-6,912989891
-3,112019075;-5,747861929;8,390853554;-6,822852305;-6,195186932;9,267894934
0,532441725;-3,456286408;5,03279059;-10,08601761;7,185207886;-8,790687125
-1,584819805;-4,528929375;7,641886533;0,343098466;6,826505684;2,724611458
1,846874051;-2,632570322;5,050558838;-7,86513064;9,558754831;-7,641812112
-2,536639655;-2,601331151;7,757653179;-6,742665656;-6,033501548;9,849905079
-3,560278633;-4,097891797;8,067265207;-8,273277731;-3,658397842;9,67735751
-1,170090381;-6,458040542;8,527072189;0,789561753;4,066612878;3,039438552
-2,866610879;-5,818786312;7,617137031;-0,064833205;5,451208026;1,512147409
1,090354667;-3,491814217;-1,602166466;0,27344494;0,3176846;7,740888655
3,053443307;-1,577134069;5,590586715;-9,613970271;9,115297305;-6,554710166
-0,287751402;-3,478054548;5,042960399;-6,850959928;8,463176792;-8,504654497
-2,428422559;-3,484751936;10,97098208;-7,960774735;-3,447575179;8,684379638
-0,586789621;-3,086898593;-2,784265308;1,122592578;-1,552379146;7,660239874
-3,210129285;-5,252494403;7,281531905;-0,842856644;6,072942965;0,245639147
0,14319082;-4,285851455;-3,591363457;0,559564852;1,440290096;8,482869824
1,908215536;-3,678651872;5,139593261;-6,892754235;8,801602159;-8,40167709
-1,860187883;-3,588403517;10,42860424;-7,986645674;-5,568925486;10,14557355
0,363956778;-2,562665749;-2,774103564;0,788183371;1,770894378;8,226876281
-1,997602698;-2,659405794;10,33572128;-7,273935884;-4,148086784;9,095753188
-2,361932064;-7,318540388;7,518986835;1,315294466;7,209310106;2,013683198
2,411041059;-2,525985674;4,689172401;-8,640814361;8,666413255;-5,355089798
-1,761938943;-4,919897702;6,781858908;-0,108909468;5,842347221;2,711831091
1,23901942;-3,232824288;-1,770438323;-1,972722433;0,479300767;7,954338
2,364545705;-3,168362919;4,808507144;-6,938742597;8,82782067;-7,46112349
-2,988978555;-4,556402302;8,780287861;0,636435608;6,237883379;3,047693419
1,07503693;-3,505322547;3,440739008;-7,572769644;7,656460615;-7,612079829
2,416092659;-1,04021549;3,331057512;-9,811250813;8,070220643;-7,234490033
-1,991087063;-5,878979182;9,344062596;0,344708943;6,088079363;2,623721158
-2,984975144;-5,042385965;8,975547508;-7,218170885;-3,143110483;7,74169831
1,179683663;-2,937079483;4,875333038;-6,644019242;10,24021594;-6,360911473
1,192821799;-2,601283138;3,647967506;-9,077564944;9,548309038;-8,854346274
1,349635047;-2,578927316;4,358193019;-8,805791645;7,776649684;-7,982742175
1,22464017;-1,834356692;6,556088085;-6,727647441;6,991500081;-8,546823377
0,371100774;-2,450316648;-3,854059839;0,790763222;-0,769182839;6,156831618
-0,674653534;-4,980949262;8,986157261;-8,888064276;-4,652560378;10,12918114
-2,432430084;-5,381265413;8,025886171;-6,913126551;-5,432590102;9,665113135
-2,272773336;-7,336489926;8,589235312;0,142492525;6,029060081;1,581587856
-3,732511708;-2,016868506;6,55824735;0,336954132;7,030789667;1,597433497
3,374014325;-2,527531563;6,699919867;-7,016746728;6,893310847;-5,587377408
0,482701012;-3,789429841;-2,683808964;-0,673961562;0,793315865;7,866686874
-1,936682681;-3,166305959;9,170430789;-6,216205859;-3,702719441;7,880088594
-2,997590664;-4,183307035;10,27129266;-7,310640942;-4,361876431;7,081490943
-3,149289414;-3,507218587;9,2288062;-7,271044632;-3,877993235;9,708096532
0,669345679;-3,308424628;-4,50244415;0,322827373;1,102880351;8,63406781
-4,1821791;-6,040051589;6,585043387;-0,27107054;6,40976556;2,715238562
-3,223568283;-4,122766268;9,650829368;-6,02829193;-4,890278566;9,365932027
-2,778915545;-3,58338431;8,36676087;-6,997544662;-3,945114629;8,875488667
-2,251238209;-5,680182729;9,143682095;-7,367371455;-3,318115931;9,919690609
-3,317811583;-3,539179727;7,328314281;0,220847463;6,241626711;1,535064895
-1,884653084;-3,831806057;10,03064453;-8,332400837;-3,140229535;8,398903112
0,129415154;-2,196611336;-3,56068575;-1,125189007;0,830093125;5,226957553
0,478603371;-3,623903935;-2,036279368;0,783144994;1,936174308;5,815911405
-2,904007131;-4,89480168;8,658830446;-8,277329264;-3,472387903;7,829210814
-1,206247609;-6,385343414;7,282774384;-0,131268238;6,21092403;1,919802773
-3,74047049;-3,226639258;8,552395626;-8,344699408;-3,563351173;9,137992585
0,339752992;-1,540380357;-1,505521281;-1,712319615;0,525259231;7,01104771
-3,659510686;-4,774555919;7,763238375;1,345849126;7,022029431;1,316771797
-3,16922883;-7,067671007;5,714411115;0,940054231;4,79991363;3,668879246
1,128825896;-0,677203081;-2,090179883;-0,479376031;1,505927481;7,812542482
-1,717254566;-4,855466408;8,960103697;-5,947329328;-2,624942169;8,946953667
0,758117879;-4,916211686;-2,711708226;-0,466603077;1,849177349;7,687170927
0,819874853;-1,504766519;3,057459128;-7,62879318;7,692729842;-8,414027067
-3,803605317;-4,342482793;8,919398023;-7,399236079;-2,555328274;8,031744022
-2,934249944;-4,230373991;10,23815302;-8,263092364;-3,462939099;7,814038716
-0,150281984;-0,281078745;4,21059548;-8,353803014;9,60842654;-8,310618159
2,697889675;-4,572104905;3,43635918;-9,158082471;8,111063587;-8,970717133
-0,663781169;-3,733330881;-3,920524758;-0,752513511;2,264416488;5,799947748
0,724937861;-2,529630317;-2,031387865;-0,065178486;-1,781463482;6,017953102
-2,060048395;-3,013145313;7,881922842;-6,025099018;-4,185815115;7,327738937
0,986511686;-3,513459314;-3,261198254;-1,939138292;1,329949116;7,307123521
-0,251327265;-1,747570627;-1,923408077;-0,435653891;0,343939509;10,37161729
2,290661783;-0,805710344;3,906031007;-8,516105742;8,060906004;-8,864299907
-1,321092714;-4,457461894;8,066410925;0,060111756;5,335560434;3,282131801
0,575754731;-3,602725348;-2,976740015;0,598611116;0,542187732;6,637322167
0,593394395;-1,60867385;4,336444206;-8,610816701;9,823886169;-8,267774199
-3,017332549;-5,399124576;9,788693045;-6,738302171;-5,062927785;6,68932914
-1,814454783;-5,939900932;8,829291065;2,301534284;6,883323601;1,558279105
-2,828046577;-5,280079957;7,28194989;2,5794645;7,30706594;1,035802844
-0,243645883;-2,126614258;-3,525667304;-1,776815244;0,604960972;7,369782176
-3,736893814;-4,984724267;7,853674782;1,575582391;6,201658358;3,517091122
0,064711291;-2,853995218;-1,898756636;-2,10069101;-0,277418102;5,530689652
-2,926389958;-5,493761601;6,562760814;0,871869616;6,171193319;0,417757395
2,179410964;-2,895888306;3,495393381;-8,830837936;9,099908772;-6,35909659
0,909427282;-3,046911823;-3,539390351;-2,580970935;0,569048315;8,54090862
-0,729631209;-2,281900773;-4,414355419;1,352473224;0,734527144;6,813101662
-2,918208247;-3,488974177;8,871058622;0,307267546;5,159302276;1,091764369
1,072730882;-4,656564691;-2,631497894;0,930315633;1,067925416;6,041444209
-1,41870991;-5,970105012;7,468447923;2,196246449;6,217959068;2,47305882
-0,08523333;-2,451008277;-1,435504793;-1,342189222;0,819474514;6,724786508
-0,389259391;-3,332519675;-1,864890576;-0,408403764;-0,391101728;8,502003619
-0,238977164;-3,313149688;-3,096282813;0,641513568;0,196596152;6,400786442
-1,888599302;-5,598625565;9,626000727;-7,828277769;-4,744599175;8,289717029
1,890652741;-3,067517634;4,037338275;-5,711801028;7,143101705;-7,793444663
-2,745686808;-6,192824506;8,533863022;-0,644175862;4,458755307;2,391988786
-3,031644647;-4,44922916;10,0793621;-6,452618333;-2,35556383;9,160640164
0,271461732;-2,527746475;-2,389480024;-1,484921329;2,211952553;7,715331989
0,35887905;-2,355766493;4,670962629;-9,084165306;7,299402358;-6,21835189
-2,146233117;-5,11028941;9,387709489;-0,664688888;5,557671318;1,676930221
-2,358739423;-3,166736363;9,003167212;-4,973100555;-3,539262184;8,602301965
0,356052646;-2,575908546;5,057534365;-8,56726109;6,915275451;-6,7450384
-1,752036812;-5,302682953;7,396632256;1,74646214;6,506629084;1,684438153
-0,323645704;-6,327785712;7,860191347;1,902154047;4,538953283;1,677977913
2,397042149;-2,805673544;4,708557571;-8,540076414;7,109322029;-7,001482941
-1,051594729;-7,051290893;9,451400328;0,764512593;5,880037046;1,987338778
-3,346880392;-5,322355094;9,7866991;0,780076148;5,559998778;3,167308136
-2,896098508;-3,474905087;9,012680615;-9,271945735;-4,463068378;8,427894911
-5,074013196;-6,760728457;7,477388654;0,478916219;7,887037856;1,23816346
-1,526466497;-2,842154302;-1,950415765;0,230461033;0,629653586;6,805403905
-1,209957643;-5,267148752;6,417559361;1,119860709;6,163966463;1,869652771
-3,12128424;-3,680370096;8,322279814;-0,565461177;6,107312463;3,257378314
-2,306561368;-4,903673276;7,479381935;-7,524376049;-3,408986494;8,778830013
-1,647827269;-5,87817557;8,115417213;-0,870180783;7,725442253;1,839293162
1,049199659;-2,731757219;-0,977955198;-0,500123067;0,170542253;6,80739363
2,284988366;-1,811661849;7,264237407;-9,250618349;6,918531923;-6,492460198
-1,679756072;-5,283492736;9,501516175;-8,241002112;-3,815438348;9,142536699
2,010006664;-2,933306719;-2,953631361;0,185090308;1,317841696;6,777424266
0,67755195;-3,364757157;3,678747649;-9,44303409;8,397673769;-8,091317473
0,187052808;-4,79516266;7,796042881;0,487081443;3,882167916;3,132716425
2,441585514;-3,931294434;3,951283278;-9,91762117;8,930846648;-9,480046707
2,375924019;-2,893972245;4,425786396;-7,150806634;10,08090759;-8,136747685
-2,807923668;-4,385732278;9,71672119;1,803252665;6,535314804;2,392556827
-2,579025219;-4,729340963;7,544313135;0,98539649;7,162631336;3,923408755
-0,38288189;-3,16880393;-3,41103537;-0,420785043;-0,557483138;5,471508181
-4,03592506;-4,220360995;8,787190458;-1,089775122;5,936489933;2,603755141
-2,196202834;-6,254248362;7,243810178;0,872547829;4,169667143;4,096481975
-4,126678625;-7,61904975;6,619580307;1,208495864;7,860221693;0,835419671
-2,064166928;-4,91938543;6,682681859;-0,087509301;4,949561077;0,449629247
-2,58798618;-2,831760608;-4,995838552;0,156395393;-0,181911653;6,876460766
0,500563002;-3,384160286;5,679667232;-7,01757436;8,392071664;-7,906788995
0,75145036;-2,175613008;-2,062802666;-0,275337857;0,842153025;8,521317654
0,032233554;-3,261892839;-3,030536753;0,602394436;2,20613418;6,214003534
1,447743281;-2,135736082;2,813437282;-8,872662874;8,268051924;-8,422776896
2,03297006;-3,440799949;6,188966701;-7,080043588;8,067462583;-9,014638814
0,082852571;-2,94932886;-2,383716774;-0,543185485;-0,012005437;5,927668962
3,51429964;-2,477219239;6,332609314;-6,88389254;8,028140517;-6,181158666
0,630484494;-2,645442633;4,784495749;-9,803359985;8,831546085;-6,879438931
1,477058203;-3,372913017;4,185479725;-7,252939081;9,519498001;-7,632259519
3,5193796;-2,406749366;4,286162418;-6,296333066;8,72074896;-7,807756936
1,604266374;-0,97614264;4,28137524;-7,281935257;7,640547451;-8,585804353
-4,198143807;-6,14061225;9,091904703;-7,529187773;-5,969566916;7,055920478
-2,729306366;-4,534841675;8,291090825;0,63555144;5,260215418;1,748358289
-1,769048532;-4,090264164;8,73103067;0,585371731;5,262957471;3,510302025
-2,920584354;-4,596788071;8,538140625;1,388810338;5,146762215;1,801608735
2,000846615;-3,460300235;4,25741472;-6,272543497;7,95763558;-9,163490291
-2,468195376;-5,162027241;6,375621875;1,443998311;7,040504166;0,849209545
1,204832683;-3,20999327;6,130888951;-9,200063875;8,584899661;-7,994027661
-3,614143404;-3,729421169;9,922956985;-5,222221873;-4,836879852;7,560848186
0,571338013;-3,326664199;-2,695175223;-2,078164315;-0,247476201;6,547573152
-1,320279947;-5,249725479;9,232548193;-9,347683904;-2,747873725;8,929750028
-2,865350749;-4,019437946;9,739532388;-7,002148532;-2,759401875;6,654751708
-1,213215784;-1,546944715;-0,977607962;0,342260632;1,514155567;6,285663138
-2,865771211;-6,248305361;6,72976575;1,943382318;6,698000697;1,564236512
-1,423564905;-5,135801758;11,91334163;-7,772192033;-5,389795818;9,32562237
-3,137932145;-4,294118927;10,92747641;-7,983263915;-5,668860142;7,947819008
-2,925327902;-6,024960014;8,629721535;0,486888673;4,80784657;0,873013911
-4,278522516;-4,236000632;10,40727648;-5,28949147;-4,651539928;7,80312105
-1,891068814;-6,412002419;8,343436992;0,047398593;8,051411767;3,069916607
-3,035705875;-5,289485933;8,290212975;-7,212913173;-2,908219571;8,252197839
-4,689880926;-5,791369464;8,675308074;-1,594550304;5,713255415;2,071018345
-3,592562576;-5,04460117;9,119891014;1,531741483;8,013505711;3,969877737
-3,898687059;-4,480456871;10,19582534;-6,859143514;-3,539465183;8,299122221
-3,686618911;-6,029800941;9,411691937;-1,047618709;7,154853828;3,758402852
-2,68619786;-4,530529916;9,6649766;1,381333331;7,038758597;0,783408334
2,868945634;-1,334267869;5,299557155;-7,429626681;8,053743209;-7,768537005
2,056041457;-2,872335769;5,922251383;-9,441306307;8,160432127;-8,355074774
-0,849378144;-4,615634742;-2,705839152;-1,394757673;-0,370263468;9,16115834
2,293561625;-1,634905806;-1,876669691;0,687821981;-0,873086921;6,266901004
-3,645194108;-4,305096926;7,931954212;-8,871003518;-4,063711705;7,899004987
2,253588439;-2,907151645;4,39385429;-7,737562998;7,293954184;-7,759552682
-2,195023603;-4,033467279;7,522968747;0,828039929;8,20051694;1,903208698
0,407071005;-2,772817136;4,284071326;-9,203939452;7,619163098;-5,858116098
-0,027649517;-2,715995601;5,615300024;-8,073757513;9,557235465;-6,780218688
-2,369136574;-4,879521916;9,417122986;-4,611300487;-4,680032664;9,496068352
-2,039642498;-6,695068759;6,827305042;1,572827636;6,611469766;0,16733298
-2,162515442;-5,988755994;10,08826186;1,56908482;5,557440579;2,733059543
-3,615349601;-3,648716856;8,881818885;-7,348861895;-5,215596368;8,142578509
-3,275937396;-3,860242385;10,3302727;-8,384930937;-4,039745974;9,045645408
-2,279903883;-5,141725065;9,372043305;-0,113631971;6,843300273;3,360959645
-0,063241777;-3,400875755;-3,794692019;1,583813114;-0,785859278;7,530379243
1,280797263;-3,521191438;3,860880282;-9,093646148;9,628488387;-6,625706863
-2,477257967;-3,440381551;9,819221667;-5,703578413;-4,576612835;8,203280545
-3,346589479;-3,957926865;8,846262409;-8,121983264;-4,143339747;9,736249164
1,362761382;-2,716893997;7,077242032;-10,28957034;8,233030979;-7,330407937
-2,062982061;-3,427191448;7,417215961;-8,233280725;-3,471509903;7,172209666
-2,49121893;-4,634857085;8,78787468;-6,320371301;-4,850887899;7,930629139
-2,946430063;-4,454537565;8,527559782;0,871260608;6,85855527;1,58535034
-0,158239234;-2,766646484;-1,129437943;-0,217233391;0,093370817;9,10898072
-3,178778123;-5,785308026;8,490212417;1,455240316;7,142973369;2,384487883
0,866806627;-3,727336132;-3,891772129;1,059112861;0,71661265;6,046561976
1,73015483;-3,924861588;4,930635424;-8,3052281;8,855309052;-6,338659727
-0,654006831;-2,180741027;9,36705288;-6,131392023;-5,863218795;8,744087316
0,697317533;-2,447184386;-3,59163401;-1,974272429;0,939316066;6,840987877
-2,414481905;-2,590851237;8,382586776;-6,454486943;-4,572716449;7,549265891
-2,589661851;-2,461107641;8,098643078;-7,380283643;-3,033788055;10,39513388
0,461208562;-3,952584563;-2,908010265;-0,769543471;-1,154056852;6,599570682
-1,881473038;-6,171190201;6,735622792;-0,282286253;6,499760912;1,109540286
2,506489826;-2,155161435;4,711398799;-8,294062406;10,98568029;-6,758261737
1,142877179;-2,702176305;-1,467944312;-1,482043727;-0,16311577;6,86416424
-3,193823777;-4,547397736;9,143641099;0,599066965;6,17063203;1,718413776
-3,55627508;-5,462171173;7,523336331;0,448750621;7,803736646;1,11824773
-1,606021016;-4,771274486;6,198265035;0,556459389;7,126342434;3,261770042
-0,867178068;-3,928860774;8,014317856;0,263982674;5,718565334;1,520698494
-2,299858708;-4,518133107;6,836599287;0,88637519;7,936637504;4,238949662
1,692301137;-3,248806711;4,010901232;-9,215570398;11,23590458;-9,546548524
0,833576436;-3,599470341;4,27193964;-9,002586828;6,596140505;-7,993898651
-0,810028762;-6,036894783;9,145860555;-7,578247587;-4,783505415;8,050002794
1,386968575;-2,346678484;-3,108085518;-0,180504085;0,201016066;6,847781689
1,493055364;-0,159058275;-3,928316874;0,831653906;0,411527954;6,934102973
0,295029453;-5,790713583;5,038937765;-7,625914618;9,002315743;-9,323801908
0,01141931;-2,131401184;-3,031576804;-0,759070335;0,96573688;9,037812727
-3,993375141;-4,727578808;9,42739733;0,08762578;6,061439126;1,45355088
0,027053554;-2,4166339;-0,420306768;-0,569492319;1,495120961;4,829819529
0,459018218;-1,311794114;-1,569280299;-0,526267339;1,248863541;6,225664176
-4,22078916;-4,531743341;8,482953563;0,811203326;7,97838132;4,145316465
-0,916570573;-5,759234606;-2,81779776;2,001101234;2,16493038;6,247636006
-1,697078593;-5,302470778;9,039324296;-1,245168783;6,680497706;3,860737386
1,314733238;-2,698070924;4,979844635;-8,331309264;8,080430601;-7,234043675
-4,234062848;-5,326341385;8,106435614;-7,083520284;-4,319604619;7,746219331
1,113762091;-3,990286658;-0,749223533;-1,866948476;1,940821532;6,293946247
-4,432727095;-3,382758715;9,359396143;-0,561217292;6,482733791;2,56960361
1,303546706;-2,812252054;4,630502778;-7,938098532;8,777437303;-7,351521904
-3,096175625;-2,450862244;10,78025435;-7,822517488;-3,664445818;8,673315806
1,788545093;-2,581330604;5,029124672;-8,304812951;10,1571861;-8,417812815
0,38170142;-2,297641054;-1,035363273;-1,944875398;0,408308246;7,563229896
-0,096519652;-2,224398006;-5,190008996;-1,434308927;1,566821281;7,660968555
-2,294615582;-4,579412227;9,564286065;-0,062202862;5,035673429;0,553076025
2,004429776;-3,937685825;3,953668844;-6,191631078;9,32228215;-8,239078193
-2,114050167;-3,92601717;6,840290869;-7,723799875;-2,646419717;8,273403914
-0,452795366;-4,240640606;-2,675880701;-1,617953853;-0,803802145;8,043718705
-0,017587364;-0,561997633;-2,46144301;0,753679573;2,073762728;7,670160528
-1,30821047;-5,353675575;7,759606481;-8,693804266;-5,557920677;8,10860874
2,287840306;-3,206764956;5,191898145;-7,673723238;10,01971303;-8,873275177
-2,518813548;-5,491842263;5,086095336;-1,513823004;5,257766122;0,497690037
1,150799337;-4,196196158;4,850941957;-8,710692426;8,567352331;-7,331607631
-0,460035838;-2,252554681;-1,659861913;-0,251848445;0,562834006;6,627185381
-0,368217566;-2,688628243;-1,314539356;0,66265989;-0,57902972;6,774817953
-2,334703938;-3,978032232;7,965100265;-7,617383066;-4,771997817;7,978606594
1,816164699;-3,621399072;-2,268364081;-0,487753094;-0,281496699;8,802905204
-1,146437942;-5,604676541;9,758407864;-7,922601284;-4,488829917;9,595510913
0,497370391;-1,101434858;-1,590526089;0,719650075;-1,314519223;6,740779551
1,633193897;-2,972628189;-3,331217505;-0,108732424;1,233792673;7,957474431
-0,100555488;-2,712964423;-2,97625157;1,640641298;0,573871979;7,19069842
2,004139534;-4,233312272;3,168682505;-7,915545596;8,797006366;-9,046962052
-4,062127216;-3,901614729;10,30421272;-7,370308505;-1,995395973;7,623446167
-1,343985023;-3,97173545;-1,844799536;0,585119594;-0,983699817;8,618702842
0,644501174;-3,002313732;6,548675609;-8,481110949;9,047021586;-7,015214711
-1,737481094;-4,048214749;8,883994833;-7,121323683;-3,988685087;6,894067091
-2,18296125;-5,362807667;7,365875224;0,941777345;4,583063834;2,749492361
-1,956775618;-6,505717921;8,556306014;-2,020484241;6,59520868;1,38961404
0,743018881;-1,88959508;5,781877476;-5,204951691;9,205065614;-8,000925048
2,190064333;-3,350327559;5,842983963;-10,06212966;9,037377833;-7,8548654
-3,767656091;-4,67502193;8,128925795;1,869176494;5,815138778;2,514943279
-2,803484181;-5,379361204;6,454178794;0,946138957;6,135820127;2,217667257
-0,042765707;-1,351991369;-3,202443859;-1,100722356;-1,66236633;7,28973041
-0,897442985;-4,433093017;6,723992239;0,46347106;5,854976501;1,547240155
0,773674017;-1,637473043;-4,801580534;1,067595845;-0,330721561;5,432356535
-3,532143563;-4,999009895;9,554928449;-7,786913285;-3,868917194;7,413807917
-2,530278368;-4,726110758;9,845256286;1,07455515;7,139599786;1,579849386
0,550455591;-2,588717337;-1,545686124;-1,205791392;-0,796380358;8,632938022
-0,456244428;-4,936652526;-3,707058311;-2,101862782;0,78920842;6,574553032
-1,116268636;-4,839371255;8,085489544;-5,483723287;-3,624424731;9,438890162
-2,60792959;-3,825544843;-3,258738515;-1,606882399;0,082486257;7,068671752
-2,058227784;-3,312110078;9,276673997;-6,738547518;-3,385569972;7,90206007
0,366500549;-3,720456757;-3,429997904;-0,333390608;-0,115554214;6,793468711
-4,294879248;-4,425010927;7,173572267;0,597800012;6,164587715;1,964613937
0,246669705;-3,541088125;-2,709428879;-1,726039741;-1,412071657;6,695025517
-3,688241178;-3,74030521;8,283083528;-5,946844235;-4,462828041;7,256838282
-0,614412773;-4,162786343;-1,91605562;-1,327780336;-1,600760315;9,520031087
-0,205416071;-4,046925213;4,804966904;-7,190835912;6,93356804;-5,416164092
-3,68190974;-3,381896609;9,638404562;-6,795529145;-2,82472618;9,445313918
0,948092408;-2,501142924;5,717957075;-10,91584982;8,849288603;-7,66751635
2,293237395;-2,94009423;5,137147059;-7,740501476;5,794825732;-7,014579361
-0,329386667;-1,79003568;4,98517114;-9,717309792;9,104106405;-7,302608992
-2,443611529;-7,688380429;8,304217175;0,230519576;6,379521864;2,128160808
1,143537772;-3,770584003;-2,008895628;-0,276690138;1,422084225;8,739696834
2,01649338;-3,621995145;5,047071642;-8,220169639;9,374117235;-6,019367591
1,210929995;-3,420275041;4,141496711;-7,039908219;8,746986796;-6,660808848
-2,161956437;-4,509621878;8,731170646;-7,965694966;-3,595640421;7,818711393
-2,412039977;-4,163818583;9,33867755;1,397232156;8,225441984;1,939373821
1,412594708;-3,416552624;4,28377783;-8,476738732;8,983520168;-8,503233078
0,989530821;-3,849397999;-1,390520693;-1,133635951;0,66477359;7,967798355
-1,675162164;-3,686311481;10,12362845;-6,742075109;-5,826881918;7,275214604
-1,008388548;-3,43396551;8,150755959;-5,727349067;-5,654571787;9,151985216
-3,229435994;-6,397132213;7,91778123;0,495949141;6,764282626;-1,70159633
-2,499707362;-4,628496659;6,218612526;1,653363634;5,560519151;1,952779089
1,965946686;-3,759639267;4,830343408;-7,658701576;8,898449925;-8,570393057
1,680759708;-4,384358788;4,723492683;-7,554052488;7,846531971;-7,700703058
-2,644202187;-4,412697333;8,103329624;-10,45242989;-4,364326515;8,768433589
0,752075265;-4,642745051;5,584979515;-10,16535813;8,997399009;-7,635154335
1,00761913;-2,914710893;7,122489709;-6,416277956;8,396483007;-9,285252992
-4,177118386;-4,129472272;8,363734207;0,298947792;6,518357751;0,676990651
-1,479596864;-4,391803793;9,269829786;-6,584610196;-3,232346116;8,162667317
0,335707499;-2,941329299;4,068004895;-7,740722895;9,354026682;-5,779715831
-3,232185508;-6,016148509;8,239171078;0,392731342;7,426669967;2,327620318
0,767591747;-3,383665608;-4,452830389;0,590504388;-0,750995366;6,218184362
0,386903444;-3,272437624;-3,166184555;-0,678484942;1,488288201;6,234111985
-1,054874754;-3,244389491;-1,762930462;0,107408876;1,198874884;6,854997382
0,43272324;-4,599986843;-2,285491992;0,161571095;-0,278362633;5,292436754
-3,684899233;-5,599156248;8,917151553;-7,047319195;-3,791656749;7,753957649
-2,042055923;-4,31931928;7,258628176;-2,11151808;5,746665507;1,792300409
-3,410580519;-4,651280547;7,255200558;-7,541344602;-3,697505863;9,549776637
-2,991652164;-4,395729478;7,519532284;0,443651701;5,925233023;3,70547937
1,941702837;-3,432337718;5,74001934;-8,996845516;9,193130854;-6,635265464
-0,214714905;-3,735423302;-2,432710336;-0,665686814;0,053662951;5,590843098
2,919483235;-2,941647597;-1,197131045;-1,114711295;-0,023532316;7,991582907
-1,827016459;-5,224198357;8,401186194;0,200731591;7,017700057;2,121375749
0,078234603;-3,436982522;-2,40426131;-0,134660259;0,130721306;8,457681726
-1,959229304;-6,377151935;6,66157907;-0,381811107;7,495225501;2,717688772
2,114190616;-2,529436709;6,580440074;-6,842847262;9,433971656;-9,174629389
-0,939697456;-3,88018225;9,300870235;-5,322372736;-3,547584186;7,661134981
-3,729572269;-5,264514717;7,031944482;1,279738353;6,554675446;2,580018667
1,529724014;-3,193988675;5,262957197;-7,633113068;10,21897956;-6,783631627
-1,846078576;-6,374472727;7,366157563;-0,371111003;5,45576996;2,876530552
-3,518603161;-5,974015597;9,044757654;-1,460962566;6,073642771;1,994769214
-3,299654172;-7,055486122;8,930023633;0,374410674;8,939469032;3,440299962
0,602397176;-5,023507789;-3,43312165;-1,017058582;0,524478262;6,862049316
1,067774539;-1,20014134;4,813365363;-9,101637038;9,890883779;-8,122309579
1,377904669;-4,101947167;-2,091480612;-1,614836926;1,636114254;7,125627562
-1,460423324;-5,916823695;10,53636466;-7,624583788;-4,652909301;8,110100723
2,587807303;-2,089434146;4,866942753;-8,246094121;7,829039298;-7,688150875
2,555751687;-1,945292495;5,837827538;-6,892070794;8,294745923;-7,311092315
-0,903845536;-2,166978812;-4,65206231;-0,514250974;-0,150386632;7,538471642
-2,534124559;-4,012258796;7,480086405;-0,095710633;8,137161703;0,796385599
-2,535101354;-5,231372047;9,170022404;-8,118904958;-5,255003351;7,989397102
-1,185622207;-5,799321465;6,498948448;0,517115497;7,064311218;2,834733379
-1,374646767;-5,340996524;8,73429196;-7,928996126;-4,285750851;8,007509583
-0,630912292;-0,879655799;4,675921898;-8,18036288;9,946193553;-7,682732276
-2,701670513;-2,110340093;9,304992356;-7,507418356;-4,055244011;10,24430111
-3,027882024;-4,654388436;8,067272084;-6,908065939;-3,724223204;7,990643375
-3,029239072;-3,608461316;8,431945645;-7,256182955;-3,565614006;7,252346381
3,15124879;-2,158365484;-3,68670045;-1,268253209;-0,483366083;7,5944269
0,285887178;-2,205568501;-2,664410455;-1,586622859;1,769848567;8,053790858
0,759884465;-4,827112621;4,287981453;-8,321884443;7,618523512;-8,096949548
2,548497458;-2,9246953;5,231077394;-9,233255525;8,894174174;-8,457376994
1,832960884;-2,183686505;6,768156766;-8,213754858;7,432706415;-8,779019797
-0,843163771;-3,636731491;-2,844560507;0,834386246;-0,599206843;5,805420293
-2,545014796;-4,249163238;9,780684939;-6,462600434;-3,427901228;9,118897481
0,230219884;-2,776306429;-1,474329376;-0,35854549;-1,414938269;6,784793241
-2,933175563;-5,470729968;9,483203815;-7,303455309;-4,121078464;10,34456281
-2,15107678;-4,046897338;9,376533928;0,426065007;6,365187358;1,474213911
1,931072465;-3,519286854;7,571690252;-7,644111223;8,396027253;-7,194699263
0,050474865;-3,704540972;-4,852730553;-1,606241569;-0,824647177;7,544172291
-1,711360414;-6,019435106;9,610895442;-7,382532966;-3,249902189;10,39475261
-1,960957298;-4,179261007;10,75000901;-6,767477267;-4,330919929;8,800801894
-3,743594967;-5,336317484;7,016710951;-6,542311757;-3,637166761;7,520833763
-1,603673529;-4,500305208;7,863943409;0,726914055;6,913905063;3,025838472
-1,674393719;-3,931734883;7,788376657;0,33819493;6,546176357;2,291600234
-2,655066132;-5,457323279;9,032997121;-0,342232957;6,787608926;1,808909153
0,254614083;-4,510278519;-4,185017442;-0,970039534;-1,519945715;6,092819568
-3,320934441;-5,815883997;8,249060871;0,375139043;6,302879743;0,717172616
-3,011557279;-6,008089191;7,652628286;-0,646683349;7,236277846;1,38828548
-2,079677655;-5,001041271;10,26630744;-5,72784852;-3,481033482;9,109044777
-2,781590644;-4,346487244;9,034425951;-5,210759488;-3,112808529;11,94517662
-3,469738896;-3,086248776;11,39237681;-7,814344591;-3,848901482;10,60122906
-1,279490031;-4,452184874;9,979587903;-7,242178943;-3,681851087;10,18979995
1,81412062;-4,209634666;-1,353700785;-0,265993464;2,01199854;6,743745708
-1,861345854;-2,344454417;-2,131885934;-0,986417416;-0,93768535;7,603912286
1,73448749;-2,554157082;-1,528936729;-0,300977036;1,313324526;6,653422552
-1,362737061;-5,086623683;9,08170352;0,108416064;8,037281991;3,152122138
-2,455457002;-4,768451493;8,59645568;-6,771557367;-4,520335278;7,766268653
0,487311212;-2,897356655;3,773860583;-8,365457089;8,728354977;-8,886200592
-2,654167251;-4,342515644;7,382850903;-7,98578534;-4,818107926;7,742990415
-2,627182265;-6,456394866;8,888356532;0,408969088;6,2001682;2,847429569
-0,402543327;-4,848028836;-2,698442728;0,130999093;0,031246679;5,962542815
-0,07243951;-1,263952504;-3,797471327;0,136177147;1,70341763;7,255366225
-0,908406052;-4,355146536;8,384158527;-8,552461001;-4,79326563;8,419880082
1,161045431;-3,082523173;-3,320606075;1,909930755;0,520557282;9,139616198
-3,775770928;-3,968548469;8,614362871;-7,782785919;-6,171654519;7,18111612
-2,708390847;-3,377866382;10,34109024;-6,797222415;-3,728303057;9,602927102
-2,931757504;-4,474277885;10,499665;-8,164341586;-3,601495186;8,094623546
-4,587288325;-4,400180721;8,387668308;1,983317082;6,435216762;1,666920962
-2,458271366;-4,524675251;9,405315869;1,952083332;6,221785215;2,206124693
-2,740402501;-7,062299899;6,185679814;1,187415559;6,905507754;1,645529667
-2,433495138;-4,886618272;7,278512431;1,176819305;7,33910537;3,453073973
1,14494914;-2,026153529;-2,075284152;-0,805854986;-0,116517483;7,102038361
-2,696748568;-5,019134188;6,76953729;-1,324692072;6,294711308;2,450447411
-1,32614247;-4,818208134;7,548136673;-0,112774008;5,442016328;2,259451722
-0,802955351;-3,327272374;3,892580743;-9,040747811;9,396312699;-7,7851575
1,446837302;-2,502330753;-3,361366045;-1,7244412;0,217018586;5,894775196
-3,907853873;-3,544162048;8,875168687;-10,02198869;-3,645144476;7,99134812
-2,086799155;-4,639447609;8,194585232;0,045189485;6,57251779;1,731457424
-1,988436458;-4,086712902;8,816543736;-6,938325746;-4,403435475;8,156094639
0,947396049;-3,184887789;6,054741026;-7,565334165;7,883312148;-8,737546762
-2,085905937;-4,874948045;9,038774588;-6,955391602;-5,157954594;8,480750464
0,056620094;-3,162789087;3,829419962;-9,427113492;8,87653024;-9,457131835
-0,110882126;-2,902172585;-2,07183873;-2,146487139;0,906476247;6,913353327
-0,217863649;-2,722015771;4,031662816;-9,599414291;9,87145186;-8,550767923
0,500095236;-2,74995598;-4,174222812;-0,067153652;-0,340864289;5,936137594
0,602205582;-3,737395997;4,974283208;-8,300656909;8,470895101;-7,545207593
-0,620123381;-1,465002735;-2,628287105;2,03443613;0,484526508;8,723745681
-1,747838883;-5,225718024;8,058379918;0,723099586;6,1438665;1,741079976
-2,446349144;-4,543006477;6,795094222;-0,020802904;7,318997524;4,387288172
-3,904040065;-5,75778254;9,420587083;-6,86051984;-2,505914974;8,365800244
0,788649873;-5,160870641;3,185482975;-8,641041931;9,891461139;-6,257855783
-2,896300087;-6,19455858;7,728649331;-7,113097403;-4,218353763;9,047894118
1,02717249;-3,542320259;5,104680286;-7,507715975;8,960069083;-9,02986059
-0,496209461;-2,847052001;-3,081583802;0,770925614;-0,050580117;8,889192099
1,2682619;-1,581828629;-4,147912648;-0,855128798;-0,90554848;7,906405951
-1,755998734;-3,272158758;6,595431691;1,965155537;6,552857225;3,547461428
-2,066909243;-4,196880239;8,730916532;-6,861725611;-3,980680188;7,679427968
-2,860156572;-3,41819558;6,877372471;-0,474456897;7,94907649;2,08978506
-2,031279236;-4,475742305;8,530871625;-8,414914451;-4,362358687;8,826539191
-3,289450221;-4,533551747;7,844337728;1,37048472;6,072294048;2,396811189
1,132418515;-1,885500565;4,185011963;-7,006243414;6,749228598;-8,189960095
-3,67541781;-4,501583003;9,795946419;-5,21255943;-3,720926636;9,529177063
2,780721281;-2,971873078;3,019555184;-8,167588074;10,28960373;-8,758315625
-2,882877617;-6,87487103;6,878004226;1,619712085;7,269024463;0,904967059
-2,992486875;-4,716150132;8,939551723;-8,637350745;-4,753889318;9,516491764
-3,564440892;-4,782594733;8,114554417;-0,240323053;7,075320739;2,744008488
0,187660959;-3,837509119;4,892711075;-9,199685724;9,746309074;-7,718924253
-1,700216444;-6,177399828;7,681642859;0,681464551;5,533874474;1,686959271
2,555770618;-2,24849274;5,669365384;-8,470305283;7,875398125;-6,918288493
-3,706651995;-5,259081406;8,743146558;1,065550979;8,001688701;-0,231765653
3,00000673;-1,048846146;4,742863566;-8,678684806;9,827072935;-8,163521708
-2,478330101;-3,351450185;8,210246943;-5,170406998;-3,39511847;8,486147026
-2,947526601;-5,170099067;9,251459603;-7,883659337;-4,09352076;9,450988272
0,003143381;-5,399353022;9,334018946;0,533018571;7,53321032;2,993898014
-2,672295286;-2,98518224;10,55920098;-6,350279416;-3,820264465;10,22285406
2,790088341;-3,667847614;5,416801307;-8,995525171;8,251204632;-8,566262471
0,178273704;-3,440685311;-3,849382921;-0,48821994;-0,6570421;9,769517888
-3,744669246;-2,824528121;9,790477224;-6,126330631;-4,717071235;9,012415494
-1,91071015;-5,441432887;8,829858122;2,155105253;6,821873821;2,542088328
-1,874998082;-5,599163932;6,599149778;1,104275931;5,634395151;1,942259617
2,817888642;-3,907298891;6,090383026;-7,828898944;10,05701932;-7,777591479
0,63106027;-1,866221393;-4,216772772;-1,372586822;2,331619444;7,132249687
-2,775653123;-5,139085818;5,899903502;1,491791602;7,931149213;0,500978183
-3,915435214;-3,727608053;10,12668242;-5,91870902;-4,663461205;6,60481418
1,185880658;-2,698131192;-3,067949272;-0,99018825;0,480529322;7,316923768
-1,783459239;-4,048673081;7,832502262;0,323424581;5,840686575;1,774192887
-3,239356327;-6,072182457;7,260071911;0,03104716;6,259906085;2,949666435
-3,0109538;-5,898543904;6,683827778;1,598499756;7,784016455;3,423041636
-3,117430321;-5,940703078;8,002265866;-1,177116861;8,156819239;2,617134545
-2,029819452;-4,902647689;9,78539486;-7,690781435;-5,005531355;9,768974089
0,45762983;-3,174675927;5,504929225;-8,271248297;7,170673073;-7,391141885
0,192497797;-2,781456854;-2,787105724;-0,635402871;-0,615444003;6,182457202
-0,201346258;-4,394780606;5,727266686;-8,354366447;7,05716688;-8,435716529
2,528251167;-1,954003361;5,71265664;-8,983377281;8,569524119;-6,738897288
-2,380209162;-4,324999731;9,042107932;0,95858852;8,099940116;2,486001173
-2,99359764;-6,721512257;8,291375328;0,948930412;6,497238323;2,185261683
-2,970336754;-5,85196921;6,759611774;-7,538771145;-3,126172745;9,486777832
0,008428891;-2,017434497;-1,941700554;2,040042771;1,685401784;6,7506728
-4,010523428;-5,736325577;5,419554851;-0,436673309;6,453143253;3,417017972
-2,00143355;-6,509381155;8,455040421;0,776230772;5,520842685;2,251486439
0,727421393;-2,80878478;3,826537904;-8,472968966;8,985876172;-9,720660156
1,131235217;-5,194456819;-2,747648386;-3,160914309;0,005114767;7,571129836
-1,568928436;-4,12058296;-2,418174083;1,552103564;1,550034573;8,232986682
-2,135184454;-4,305999546;9,640682097;-6,149579284;-4,101089986;8,52533154
-1,160978622;-6,160721735;8,199308756;1,190018374;5,442206958;2,847153849
-2,401728148;-6,198861569;7,736634268;2,56779568;6,273848028;2,030232032
0,52541497;-2,452577729;4,722500357;-6,227932486;8,476879735;-8,017086486
-1,707663538;-6,920224376;8,682145116;0,393680868;7,203826992;2,936269389
0,775194351;-1,036020178;-3,445605036;-1,333365671;1,723719302;6,184413218
0,634033084;-2,554608005;5,919588233;-6,688926991;10,72411349;-6,900595133
1,115327557;-1,864512701;-3,108743564;-1,42753178;2,069015567;5,701333807
0,82912229;-2,708347998;-3,97347722;-1,236239787;0,76012571;9,465933903
1,075452878;-2,687977665;5,260667223;-8,702877149;8,035542603;-9,728823355
-2,451317978;-6,099479942;6,675805254;-0,622095106;5,662250382;2,817992649
2,852549192;-2,846783051;6,244852826;-8,774250551;8,450745446;-7,122906081
-4,112606675;-4,637141732;8,283781918;-7,332870391;-4,413189036;7,547363671
0,355569157;-3,852044805;-2,50254829;-0,463104839;-0,086272051;7,736922001
-2,889698244;-3,803678746;9,279715258;-6,806785631;-4,575929975;7,695636167
-2,768249362;-4,669519367;7,962578784;0,248038497;5,914039369;2,19541451
2,115391342;-2,971260853;4,630173482;-6,472584499;8,606948461;-9,574637658
-2,404903898;-5,123562875;7,556186846;-7,468481075;-4,151322005;9,416499286
0,300208045;-3,781724545;-4,289775542;0,731548862;0,788413286;6,865657103
-0,234480147;-2,847582565;4,246488722;-9,959869973;7,589144743;-5,970207725
3,917789118;-4,022220487;4,141571511;-7,416074075;9,22399071;-7,649637922
0,673129316;-1,933098364;4,325064381;-8,261411377;7,877301475;-8,020603491
-2,571728724;-2,785054658;9,831168881;-9,397337842;-3,845190051;7,010879444
1,878402276;-3,63358693;-3,670594215;-1,552973658;-0,473407329;6,523553616
1,887168379;-3,366617437;6,547665512;-8,850853017;9,544942257;-8,433417574
0,033766078;-1,566210325;-2,930925983;-0,987303915;-0,311117108;7,992251978
0,963640759;-4,272328702;5,888189093;-10,56933533;7,015857594;-6,91895475
2,482551899;-3,508852354;5,397069521;-7,873125954;8,830465047;-7,986509386
-3,065540292;-5,387482596;11,89287227;-8,246991099;-4,730981579;8,245982038
-3,072966605;-5,289520099;7,92295295;-0,03674837;5,803024417;2,611658413
0,145142349;-2,816837687;-2,809960385;0,346540819;-0,172731715;8,253804608
0,354377308;-2,660344688;5,034090924;-8,32700287;8,907046682;-7,979282864
2,963064996;-1,928975768;5,910522319;-6,951751757;9,106807999;-8,738546789
-1,011754508;-3,819347436;-2,943862858;1,11532996;0,480349406;8,580143659
0,141655921;-3,15827058;-3,226556466;-1,515811275;0,682805545;7,757301505
1,139999244;-5,727062791;5,627549319;-6,706102657;8,773329145;-8,001406179
-4,427373868;-5,350814623;7,93595824;1,727789482;6,000874632;1,079218707
0,19349165;-2,163444347;-3,418681282;-0,344699265;0,570100628;6,668985862
0,190105432;-3,291621443;-5,08618193;0,687637554;0,217467373;8,998603222
0,21641397;-2,412675888;5,751718282;-10,08164339;8,832595248;-7,101864745
-2,999035842;-5,507202285;9,578874011;-7,72398881;-2,799739459;10,37454552
0,094743043;-3,448341946;-4,193648681;1,48270121;1,096042627;6,100689294
0,973749097;-3,963043123;5,861094415;-8,197417239;8,664780247;-9,174989571
-2,686575196;-4,444700158;9,827764006;-6,69775777;-3,162040961;8,192806424
1,553223722;-2,648054287;5,829575705;-8,228540632;8,063374922;-8,52774035
-0,13862032;-1,988386203;4,692640355;-6,77752428;8,156805418;-8,114279035
-1,856248142;-4,147231134;6,067556993;-6,660909527;-4,205784033;7,945988806
-2,312468713;-4,249482393;10,18153035;-5,935144865;-5,250003627;7,720105431
-2,827932407;-4,750454855;7,799614558;-8,314346507;-3,127596045;7,757700392
2,169258685;-3,527277487;5,878930721;-8,100831115;9,226551758;-7,514568395
-1,879062023;-3,761283551;9,63496407;-6,055256448;-6,301998526;10,23074269
-6,111932776;-5,151155873;10,07792556;-7,536617831;-5,182761929;9,666759882
0,590698328;-1,867618228;-2,630140145;-0,659062017;0,016060372;9,023458853
1,890027692;-3,064426419;5,509004075;-8,106491794;7,925849324;-6,457432365
1,479827904;-3,802889795;5,794352564;-8,144529295;8,008730722;-8,315819549
2,520244063;-3,161385727;5,792611289;-7,858332577;8,956923392;-9,11834848
1,189656051;-2,82490745;3,308882706;-11,039982;8,205290601;-7,004341467
-3,758766268;-5,258020766;8,806561069;1,828985094;7,341481373;0,886927992
-2,07938661;-6,991154952;7,736755777;2,315650616;6,033696091;3,30326125
-1,868097461;-5,310831278;7,444990145;1,287869543;4,910442697;0,918001257
-3,643130721;-5,278083081;8,785450575;-7,363613074;-3,635811263;9,237654858
-0,190453401;-4,356230458;-0,906000992;0,796973329;0,630173956;6,754933116
